DateTime,Open,High,Low,Close,Volume
2017-08-17,4261.4800000000,4485.3900000000,4200.7400000000,4285.0800000000,795.1503770000
2017-08-18,4285.0800000000,4371.5200000000,3938.7700000000,4108.3700000000,1199.8882640000
2017-08-19,4108.3700000000,4184.6900000000,3850.0000000000,4139.9800000000,381.3097630000
2017-08-20,4139.9800000000,4211.0800000000,4032.6200000000,4086.2900000000,467.0830220000
2017-08-21,4069.1300000000,4119.6200000000,3911.7900000000,4016.0000000000,691.7430600000
2017-08-22,4016.0000000000,4104.8200000000,3400.0000000000,4040.0000000000,966.6848580000
2017-08-23,4040.0000000000,4265.8000000000,4013.8900000000,4114.0100000000,1001.1365650000
2017-08-24,4147.0000000000,4371.6800000000,4085.0100000000,4316.0100000000,787.4187530000
2017-08-25,4316.0100000000,4453.9100000000,4247.4800000000,4280.6800000000,573.6127400000
2017-08-26,4280.6800000000,4367.0000000000,4212.4100000000,4337.4400000000,228.1080680000
2017-08-27,4332.5100000000,4400.0000000000,4285.5400000000,4310.0100000000,350.6925850000
2017-08-28,4310.0100000000,4399.8200000000,4124.5400000000,4386.6900000000,603.8416160000
2017-08-29,4386.6900000000,4625.8500000000,4313.5500000000,4587.4800000000,603.5450280000
2017-08-30,4587.4800000000,4647.5100000000,4416.0100000000,4555.1400000000,808.4687710000
2017-08-31,4555.1400000000,4745.4200000000,4555.1400000000,4724.8900000000,556.9568020000
2017-09-01,4724.8900000000,4885.5500000000,4654.8800000000,4834.9100000000,560.6663660000
2017-09-02,4834.9100000000,4939.1900000000,4286.8700000000,4472.1400000000,929.1485950000
2017-09-03,4508.5000000000,4714.7600000000,4298.3300000000,4509.0800000000,691.2161980000
2017-09-04,4509.0800000000,4527.4900000000,3972.5100000000,4100.1100000000,1394.6446140000
2017-09-05,4106.9700000000,4484.9900000000,3603.0000000000,4366.4700000000,1228.9381570000
2017-09-06,4366.4900000000,4662.8700000000,4335.2600000000,4619.7700000000,807.3637260000
2017-09-07,4619.7700000000,4788.5900000000,4438.1900000000,4691.6100000000,500.4299750000
2017-09-08,4691.6100000000,4735.3900000000,4028.9300000000,4282.8000000000,1132.2550460000
2017-09-09,4282.8000000000,4426.6200000000,4150.0600000000,4258.8100000000,658.7829520000
2017-09-10,4258.8100000000,4283.0000000000,3801.0000000000,4130.3700000000,660.3732750000
2017-09-11,4153.6200000000,4334.4300000000,4098.9100000000,4208.4700000000,699.9890650000
2017-09-12,4208.6000000000,4394.5900000000,4040.8000000000,4163.7200000000,879.6303190000
2017-09-13,4159.7200000000,4165.3800000000,3760.0000000000,3944.6900000000,913.4625450000
2017-09-14,3944.0000000000,3993.0000000000,3165.1300000000,3189.0200000000,1665.0215430000
2017-09-15,3188.0100000000,3856.0000000000,2817.0000000000,3700.0000000000,1968.8664920000
2017-09-16,3674.0100000000,3950.0000000000,3470.6600000000,3714.9500000000,1297.5639530000
2017-09-17,3685.2300000000,3748.2100000000,3499.0200000000,3699.9900000000,682.1712100000
2017-09-18,3699.9900000000,4123.2000000000,3690.0000000000,4035.0100000000,1030.0064550000
2017-09-19,4060.0000000000,4089.9700000000,3830.9100000000,3910.0400000000,902.3321290000
2017-09-20,3910.0400000000,4046.0800000000,3820.0000000000,3900.0000000000,720.9350760000
2017-09-21,3900.0000000000,3910.0000000000,3567.0000000000,3609.9900000000,1001.6540840000
2017-09-22,3609.9900000000,3750.0000000000,3505.5500000000,3595.8700000000,838.9664250000
2017-09-23,3595.8800000000,3817.1900000000,3542.9100000000,3780.0000000000,752.7927910000
2017-09-24,3779.5400000000,3789.9900000000,3622.7600000000,3660.0200000000,661.6363900000
2017-09-25,3660.0200000000,3979.8700000000,3653.6900000000,3920.7500000000,727.9947130000
2017-09-26,3928.0000000000,3976.9900000000,3850.0500000000,3882.3500000000,526.7279870000
2017-09-27,3882.3500000000,4249.9400000000,3872.8100000000,4193.0000000000,628.1709660000
2017-09-28,4193.0000000000,4300.0000000000,4101.0000000000,4174.5000000000,849.7853250000
2017-09-29,4174.5000000000,4263.8600000000,3952.0100000000,4174.6900000000,1602.3095650000
2017-09-30,4175.0000000000,4380.0000000000,4138.1000000000,4378.5100000000,720.3531830000
2017-10-01,4378.4900000000,4406.5200000000,4240.0400000000,4378.4800000000,726.9636850000
2017-10-02,4400.0000000000,4561.6300000000,4360.0000000000,4380.0000000000,655.7569740000
2017-10-03,4380.0000000000,4467.3300000000,4180.8000000000,4310.0000000000,1082.3235630000
2017-10-04,4310.0000000000,4373.0000000000,4142.0000000000,4208.5900000000,868.4651010000
2017-10-05,4208.5900000000,4355.0000000000,4110.0000000000,4292.4300000000,779.1386380000
2017-10-06,4318.9900000000,4417.0000000000,4292.0000000000,4369.0000000000,506.5291760000
2017-10-07,4369.0000000000,4479.5000000000,4312.5600000000,4423.0000000000,297.5975000000
2017-10-08,4425.0000000000,4658.0000000000,4425.0000000000,4640.0000000000,518.4620040000
2017-10-09,4640.0000000000,4889.9800000000,4550.0000000000,4786.9500000000,646.4631450000
2017-10-10,4786.9500000000,4960.0000000000,4680.5900000000,4783.0600000000,1043.2217730000
2017-10-11,4783.0600000000,4881.6100000000,4710.0000000000,4821.4300000000,753.4293960000
2017-10-12,4821.4300000000,5439.9900000000,4810.1600000000,5430.0000000000,1276.7014820000
2017-10-13,5430.0000000000,5846.1700000000,5379.8400000000,5649.9800000000,1879.8276200000
2017-10-14,5650.0000000000,5900.0000000000,5580.0100000000,5869.9900000000,970.7590460000
2017-10-15,5855.0300000000,5922.3000000000,5400.0100000000,5709.9900000000,1343.5233750000
2017-10-16,5710.0000000000,5788.9100000000,5585.1900000000,5760.0200000000,1528.9964620000
2017-10-17,5760.0000000000,5774.9800000000,5508.6300000000,5595.0000000000,1429.8693760000
2017-10-18,5595.0000000000,5596.0000000000,5037.9500000000,5512.0600000000,2317.8043730000
2017-10-19,5513.0000000000,5710.0000000000,5490.2600000000,5683.9000000000,1881.7221070000
2017-10-20,5683.9000000000,6110.0000000000,5600.0000000000,6010.0100000000,1972.9772200000
2017-10-21,6013.7200000000,6171.0000000000,5850.0300000000,6024.9700000000,1664.3076930000
2017-10-22,6024.9700000000,6060.0000000000,5720.0300000000,5950.0200000000,1362.0922160000
2017-10-23,5950.0200000000,6080.0000000000,5621.0300000000,5915.9300000000,1812.5577150000
2017-10-24,5909.4700000000,5925.0000000000,5450.0000000000,5477.0300000000,2580.4187670000
2017-10-25,5477.0300000000,5704.9600000000,5286.9800000000,5689.9900000000,2282.8132050000
2017-10-26,5689.9900000000,5939.9900000000,5650.0000000000,5861.7700000000,1972.9658820000
2017-10-27,5861.7700000000,5980.0000000000,5649.2400000000,5768.8300000000,1403.7064160000
2017-10-28,5768.8300000000,5850.0200000000,5630.0300000000,5719.6400000000,1276.7544120000
2017-10-29,5719.6400000000,6189.8800000000,5648.0100000000,6169.9800000000,1804.7781730000
2017-10-30,6133.0100000000,6248.6800000000,6030.0000000000,6120.5000000000,1473.6870430000
2017-10-31,6120.5000000000,6498.0100000000,6100.0000000000,6463.0000000000,1511.7749250000
2017-11-01,6463.0000000000,6774.6700000000,6338.0200000000,6753.9800000000,1675.6151880000
2017-11-02,6753.9800000000,7300.0000000000,6685.1000000000,7019.9800000000,2503.6108030000
2017-11-03,7010.3100000000,7346.3400000000,6923.0000000000,7115.0400000000,1891.4975920000
2017-11-04,7115.0200000000,7480.9900000000,6901.0000000000,7357.0900000000,1399.1917670000
2017-11-05,7357.2700000000,7590.2500000000,7279.0200000000,7345.0100000000,1207.8323300000
2017-11-06,7345.1000000000,7401.0000000000,6906.0000000000,6960.1200000000,1763.0192610000
2017-11-07,6981.7200000000,7198.4900000000,6901.0000000000,7064.0400000000,1440.2594940000
2017-11-08,7064.0400000000,7770.0200000000,6651.0000000000,7303.0000000000,2822.2988020000
2017-11-09,7303.0100000000,7392.0000000000,7015.0000000000,7079.9900000000,1913.3983080000
2017-11-10,7079.0000000000,7279.9100000000,6255.0100000000,6506.9800000000,3254.7041050000
2017-11-11,6503.0000000000,6797.9800000000,6100.0000000000,6245.0500000000,2754.1568610000
2017-11-12,6245.0500000000,6630.0000000000,5325.0100000000,5811.0300000000,4968.4830690000
2017-11-13,5839.9400000000,6697.4700000000,5699.9900000000,6465.9900000000,2621.2430390000
2017-11-14,6465.9900000000,6684.9800000000,6311.0700000000,6574.9900000000,1254.2925310000
2017-11-15,6575.9900000000,7298.0000000000,6575.9900000000,7240.0600000000,1779.6058450000
2017-11-16,7240.1400000000,7940.0000000000,7076.0000000000,7864.5000000000,2331.9567500000
2017-11-17,7876.9800000000,7989.0000000000,7451.0000000000,7699.1900000000,3982.3959250000
2017-11-18,7699.1900000000,7819.9900000000,7422.0000000000,7761.9400000000,3954.2664770000
2017-11-19,7761.9400000000,8123.1500000000,7650.3300000000,8038.0000000000,3867.3404440000
2017-11-20,8057.1100000000,8319.9900000000,7954.0000000000,8212.0000000000,3886.6343480000
2017-11-21,8212.4900000000,8400.0000000000,7801.0000000000,8119.5100000000,4544.4740160000
2017-11-22,8119.5100000000,8322.6800000000,8091.0900000000,8205.9200000000,3545.0057100000
2017-11-23,8233.0300000000,8260.0000000000,8000.0000000000,8019.9900000000,4093.9526870000
2017-11-24,8019.9700000000,8369.0000000000,7850.0000000000,8138.0000000000,4411.7891120000
2017-11-25,8138.9900000000,8734.7800000000,8090.0000000000,8700.0100000000,4292.6236820000
2017-11-26,8700.0400000000,9350.0000000000,8604.7200000000,9128.0200000000,4147.3802370000
2017-11-27,9128.0000000000,9654.2800000000,9112.0400000000,9650.0000000000,4521.6257070000
2017-11-28,9650.0000000000,9939.0000000000,9570.5000000000,9896.8000000000,4917.2109850000
2017-11-29,9896.7900000000,11300.0300000000,8520.0000000000,9687.8800000000,13352.5387150000
2017-11-30,9687.8800000000,10900.0000000000,8850.8000000000,9838.9600000000,9389.5743290000
2017-12-01,9837.0000000000,10898.0000000000,9380.0000000000,10782.9900000000,6134.9236330000
2017-12-02,10775.0400000000,11190.0000000000,10620.0000000000,10890.0100000000,4765.4397570000
2017-12-03,10902.6900000000,11825.0000000000,10500.0000000000,11165.4100000000,5346.6365240000
2017-12-04,11165.4100000000,11616.0000000000,10802.0000000000,11616.0000000000,4629.7693590000
2017-12-05,11608.3100000000,11853.0000000000,11447.6800000000,11699.9900000000,5533.7383760000
2017-12-06,11689.3800000000,13615.2300000000,11681.7700000000,13545.5300000000,6694.8057300000
2017-12-07,13550.0400000000,16649.9600000000,13050.0000000000,16533.1100000000,7484.5203070000
2017-12-08,16552.9000000000,17204.9900000000,14015.0000000000,15880.0000000000,17583.8247980000
2017-12-09,15750.5500000000,16269.3000000000,12535.0000000000,14699.9700000000,13910.3422410000
2017-12-10,14654.7300000000,15720.1200000000,12368.0000000000,14946.2600000000,16548.2280450000
2017-12-11,15071.0800000000,17470.0000000000,14934.7700000000,16560.0200000000,11812.4901410000
2017-12-12,16560.0200000000,16976.4500000000,15875.0000000000,16350.0000000000,9433.2520640000
2017-12-13,16350.0000000000,16546.0000000000,14666.5600000000,16020.4200000000,12410.3096410000
2017-12-14,16025.8700000000,16445.0000000000,15450.0000000000,16340.0000000000,11607.4475490000
2017-12-15,16334.9600000000,17991.0000000000,16307.7900000000,17516.8100000000,9169.8105930000
2017-12-16,17518.0000000000,19539.0000000000,17190.0100000000,19102.6600000000,4200.6247220000
2017-12-17,19113.0000000000,19798.6800000000,18510.0000000000,18860.0200000000,9176.3017150000
2017-12-18,18893.1100000000,19300.0000000000,17029.9800000000,18856.2500000000,10614.1928760000
2017-12-19,18856.2500000000,18950.0000000000,16300.0000000000,17295.2000000000,13210.7482200000
2017-12-20,17295.2000000000,17720.3500000000,14777.6600000000,16488.9800000000,13450.4966930000
2017-12-21,16480.5200000000,17309.5000000000,14022.0000000000,15492.6400000000,20324.2173000000
2017-12-22,15514.0300000000,15699.3400000000,10961.0000000000,13326.6100000000,36076.2711750000
2017-12-23,13326.6100000000,14950.0000000000,12978.1800000000,13300.0000000000,13141.5388750000
2017-12-24,13300.0000000000,13819.9900000000,11640.0000000000,13500.0000000000,28557.5349880000
2017-12-25,13500.0000000000,14300.0000000000,12708.0000000000,13699.3400000000,15748.2076070000
2017-12-26,13699.3400000000,16050.0000000000,13533.0000000000,15689.0100000000,15034.6681040000
2017-12-27,15709.9800000000,16498.0500000000,14200.1500000000,15459.9900000000,14959.8647230000
2017-12-28,15459.9700000000,15539.9900000000,13150.0000000000,14182.1100000000,21717.8580140000
2017-12-29,14199.1400000000,14981.0000000000,13850.0000000000,14378.9000000000,18072.0081160000
2017-12-30,14378.9900000000,14398.8500000000,11750.0000000000,12440.0100000000,19221.1580390000
2017-12-31,12345.1000000000,14050.1100000000,12149.9800000000,13716.3600000000,11768.9897180000
2018-01-01,13715.6500000000,13818.5500000000,12750.0000000000,13380.0000000000,8609.9158440000
2018-01-02,13382.1600000000,15473.4900000000,12890.0200000000,14675.1100000000,20078.0921110000
2018-01-03,14690.0000000000,15307.5600000000,14150.0000000000,14919.5100000000,15905.6676390000
2018-01-04,14919.5100000000,15280.0000000000,13918.0400000000,15059.5400000000,21329.6495740000
2018-01-05,15059.5600000000,17176.2400000000,14600.0000000000,16960.3900000000,23251.4911250000
2018-01-06,16960.3900000000,17143.1300000000,16011.2100000000,17069.7900000000,18571.4575080000
2018-01-07,17069.7900000000,17099.9600000000,15610.0000000000,16150.0300000000,12493.1255580000
2018-01-08,16218.8500000000,16322.3000000000,12812.0000000000,14902.5400000000,26600.6099120000
2018-01-09,14902.5400000000,15500.0000000000,14011.0500000000,14400.0000000000,14315.0042530000
2018-01-10,14401.0000000000,14955.6600000000,13131.3100000000,14907.0900000000,17411.0016550000
2018-01-11,14940.0000000000,14968.6800000000,11400.0000000000,13238.7800000000,33554.7237510000
2018-01-12,13238.7600000000,14109.7800000000,12500.0000000000,13740.0100000000,16417.1621370000
2018-01-13,13749.9500000000,14580.0000000000,13706.1500000000,14210.0000000000,12221.5085280000
2018-01-14,14210.0000000000,14339.5000000000,12569.2000000000,13474.9900000000,17017.8943290000
2018-01-15,13477.9800000000,14249.9900000000,13147.7900000000,13539.9300000000,14652.0947050000
2018-01-16,13500.0000000000,13542.9300000000,9035.0000000000,10900.0000000000,63401.1691750000
2018-01-17,10899.9900000000,11680.9900000000,9037.9400000000,10988.7900000000,72331.7966459999
2018-01-18,10972.5900000000,11878.8200000000,10435.3300000000,10961.9700000000,48464.4349369999
2018-01-19,10960.0000000000,11795.0000000000,10360.0000000000,11474.9800000000,34129.3754210000
2018-01-20,11474.9800000000,13099.0000000000,11412.4500000000,12799.9400000000,28768.8578270000
2018-01-21,12799.8000000000,12799.8000000000,10965.0000000000,11530.0000000000,41379.7734260001
2018-01-22,11530.0000000000,11926.3500000000,9900.2400000000,10760.0500000000,43752.6067910000
2018-01-23,10760.0500000000,11399.0000000000,9905.0000000000,10799.1800000000,37473.9225519999
2018-01-24,10799.1400000000,11570.4800000000,10500.0000000000,11349.9900000000,27158.5877620000
2018-01-25,11349.9600000000,11794.0500000000,10950.2100000000,11175.2700000000,20839.9541830000
2018-01-26,11184.7000000000,11643.0000000000,10311.1500000000,11089.0000000000,33056.8719600000
2018-01-27,11089.0000000000,11650.0000000000,10842.6900000000,11491.0000000000,18860.7683450000
2018-01-28,11499.9800000000,12244.0000000000,11408.0000000000,11879.9500000000,16887.3395240000
2018-01-29,11879.9500000000,11975.0200000000,11139.5500000000,11251.0000000000,14170.3775380000
2018-01-30,11250.1100000000,11308.4200000000,9900.0000000000,10237.5100000000,25554.3729460000
2018-01-31,10230.0000000000,10425.8500000000,9700.0000000000,10285.1000000000,18015.9568050000
2018-02-01,10285.1000000000,10335.0000000000,8750.9900000000,9224.5200000000,33564.7643109999
2018-02-02,9224.5200000000,9250.0000000000,8010.0200000000,8873.0300000000,49971.6269750000
2018-02-03,8873.0300000000,9473.0100000000,8229.0000000000,9199.9600000000,28725.0007350000
2018-02-04,9199.9600000000,9368.0000000000,7930.0000000000,8184.8100000000,32014.3084490000
2018-02-05,8179.9900000000,8382.8000000000,6625.0000000000,6939.9900000000,63402.3144820000
2018-02-06,6939.6300000000,7878.0000000000,6000.0100000000,7652.1400000000,100201.5003070001
2018-02-07,7655.0200000000,8476.0000000000,7150.0100000000,7599.0000000000,60777.6840859999
2018-02-08,7599.0000000000,7844.0000000000,7572.0900000000,7784.0200000000,1521.5373180000
2018-02-09,8230.4600000000,8738.0000000000,8166.0000000000,8683.9300000000,20336.0949250000
2018-02-10,8657.0000000000,9065.7800000000,8120.0000000000,8533.9800000000,49331.3000820000
2018-02-11,8533.9900000000,8549.0000000000,7726.5300000000,8063.8800000000,45025.1879520000
2018-02-12,8063.8200000000,8989.0000000000,8053.0000000000,8903.0000000000,41987.8504900000
2018-02-13,8903.0000000000,8950.0000000000,8351.0000000000,8539.9000000000,35454.9729560000
2018-02-14,8535.1700000000,9489.6000000000,8533.0000000000,9449.9900000000,40811.9528670000
2018-02-15,9449.9800000000,10219.5000000000,9301.5000000000,10000.0900000000,52427.5967149999
2018-02-16,10000.8900000000,10323.3700000000,9666.0000000000,10159.9800000000,38161.2059740000
2018-02-17,10156.0700000000,11075.0700000000,10050.0000000000,11039.5500000000,41882.1084070001
2018-02-18,11039.5500000000,11274.0000000000,10080.0000000000,10383.4300000000,61137.3807280000
2018-02-19,10375.0100000000,11250.0000000000,10270.3300000000,11153.0000000000,40831.4171310000
2018-02-20,11147.1100000000,11786.0100000000,11100.5900000000,11200.9900000000,48153.3542880000
2018-02-21,11195.0700000000,11304.0300000000,10200.0000000000,10437.6000000000,68113.8187539999
2018-02-22,10439.0200000000,10933.4400000000,9679.0000000000,9811.0400000000,67060.1664830000
2018-02-23,9815.5500000000,10435.0000000000,9570.1900000000,10131.0400000000,57202.7023700000
2018-02-24,10131.0400000000,10496.9700000000,9352.0000000000,9694.5100000000,40888.1562990000
2018-02-25,9694.5100000000,9847.0000000000,9274.8000000000,9590.0000000000,28373.5175860000
2018-02-26,9590.0000000000,10444.3200000000,9350.0000000000,10324.0000000000,34878.2927560000
2018-02-27,10321.0000000000,10870.0000000000,10121.0000000000,10569.0400000000,30705.3851230000
2018-02-28,10584.3300000000,11098.0000000000,10300.0000000000,10326.7600000000,30800.9837820000
2018-03-01,10325.6400000000,11060.4100000000,10240.0000000000,10920.0000000000,25092.5539300000
2018-03-02,10923.3600000000,11200.0000000000,10770.0000000000,11039.0000000000,23910.7100900000
2018-03-03,11038.9900000000,11544.0000000000,11015.0100000000,11464.4800000000,21287.1532800000
2018-03-04,11464.4700000000,11565.0000000000,11050.0200000000,11515.0000000000,17122.4825720000
2018-03-05,11515.0000000000,11710.0000000000,11415.0100000000,11454.0000000000,15144.2310630000
2018-03-06,11455.0000000000,11455.0000000000,10555.4800000000,10716.4800000000,29515.5723629999
2018-03-07,10716.4800000000,10899.0000000000,9389.3100000000,9910.0000000000,50647.6710800000
2018-03-08,9910.0000000000,10099.0000000000,9060.0000000000,9271.6400000000,41109.4732259999
2018-03-09,9267.0700000000,9410.0000000000,8329.0000000000,9227.0000000000,64112.2914070000
2018-03-10,9230.0000000000,9490.0000000000,8667.0700000000,8770.2200000000,37180.0128570000
2018-03-11,8770.2200000000,9740.0000000000,8450.0000000000,9533.5700000000,44325.9733859999
2018-03-12,9533.5700000000,9888.8800000000,8780.0000000000,9131.3400000000,42230.3475130000
2018-03-13,9131.3400000000,9474.0000000000,8823.0000000000,9150.0000000000,40191.4093580000
2018-03-14,9151.9200000000,9333.7800000000,7900.2800000000,8170.0000000000,49708.0941080000
2018-03-15,8184.0100000000,8430.0000000000,7650.0000000000,8240.9800000000,52291.0222770000
2018-03-16,8240.9800000000,8611.6400000000,7900.0000000000,8260.0000000000,38815.4098930000
2018-03-17,8260.0000000000,8348.6200000000,7721.9900000000,7824.8000000000,33110.2063290000
2018-03-18,7824.0100000000,8317.4000000000,7322.0000000000,8189.9900000000,59488.2317110001
2018-03-19,8189.0000000000,8705.2300000000,8088.4000000000,8600.0000000000,55297.0849419999
2018-03-20,8595.0100000000,9050.0000000000,8280.0000000000,8909.9800000000,44863.3761660000
2018-03-21,8909.9600000000,9177.0100000000,8750.6000000000,8885.0000000000,39972.4053709999
2018-03-22,8884.8200000000,9100.0000000000,8465.1000000000,8722.9000000000,40617.5568090001
2018-03-23,8720.0000000000,8909.0000000000,8269.0000000000,8898.0300000000,39990.8680080000
2018-03-24,8898.0400000000,8999.9500000000,8491.0000000000,8546.8600000000,35466.6095720000
2018-03-25,8531.2500000000,8669.8500000000,8365.7700000000,8470.1500000000,29001.7693160000
2018-03-26,8470.1400000000,8514.8900000000,7831.0000000000,8134.2300000000,44031.9738320001
2018-03-27,8134.2200000000,8215.9400000000,7730.0000000000,7795.5100000000,37427.6480499999
2018-03-28,7795.5100000000,8109.0000000000,7728.0000000000,7949.3000000000,26401.3316700000
2018-03-29,7949.3000000000,7975.0000000000,6941.1100000000,7090.1400000000,54620.9151250000
2018-03-30,7090.1600000000,7292.4300000000,6600.1000000000,6840.2300000000,65306.0319760000
2018-03-31,6840.2400000000,7223.3600000000,6777.0000000000,6923.9100000000,36868.5390870001
2018-04-01,6922.0000000000,7049.9800000000,6430.0000000000,6813.0100000000,44071.4304630000
2018-04-02,6813.0100000000,7125.0000000000,6765.0000000000,7056.0000000000,32123.5600720000
2018-04-03,7063.9700000000,7520.0000000000,7011.0100000000,7405.2100000000,37787.3318110000
2018-04-04,7405.2100000000,7427.5200000000,6707.0000000000,6796.1000000000,42227.1838040000
2018-04-05,6796.1000000000,6902.0000000000,6566.6900000000,6770.7600000000,39029.7314600000
2018-04-06,6770.0000000000,6850.0000000000,6500.0000000000,6601.3900000000,27455.0119200000
2018-04-07,6601.3900000000,7070.0000000000,6586.2800000000,6895.8000000000,32269.5782670000
2018-04-08,6895.8100000000,7109.1300000000,6880.0000000000,7018.0000000000,21427.6731650000
2018-04-09,7011.0400000000,7185.0000000000,6611.0000000000,6782.7200000000,34078.2972060000
2018-04-10,6781.5500000000,6890.0000000000,6656.0000000000,6843.9000000000,22326.7280950000
2018-04-11,6839.5600000000,6990.0000000000,6787.0000000000,6953.7900000000,23997.8711770000
2018-04-12,6953.7800000000,8012.2300000000,6743.2000000000,7923.0000000000,64861.5959870000
2018-04-13,7922.9900000000,8233.3900000000,7732.0000000000,7877.4100000000,55044.5231480000
2018-04-14,7877.4800000000,8186.0000000000,7810.0000000000,7999.0100000000,31621.2863570000
2018-04-15,8004.0000000000,8429.5400000000,7999.0200000000,8355.0000000000,27945.8726180000
2018-04-16,8355.0700000000,8419.0000000000,7867.0000000000,8064.9200000000,36664.0697150001
2018-04-17,8064.9200000000,8173.7000000000,7825.4000000000,7885.0200000000,32152.6035670000
2018-04-18,7890.9600000000,8236.4300000000,7868.0000000000,8173.0000000000,26969.0445700001
2018-04-19,8173.9900000000,8296.0000000000,8080.0000000000,8278.0000000000,27113.8474640000
2018-04-20,8273.8400000000,8930.0000000000,8177.0900000000,8856.9800000000,39795.3374850000
2018-04-21,8852.1200000000,9035.0000000000,8565.0000000000,8915.3100000000,40872.2299089999
2018-04-22,8915.3100000000,9020.6700000000,8727.6800000000,8787.0200000000,29458.2534800000
2018-04-23,8785.7000000000,8985.0000000000,8745.0000000000,8934.0100000000,25838.1147090000
2018-04-24,8934.0000000000,9731.0100000000,8922.0000000000,9619.9900000000,46268.7901060000
2018-04-25,9618.9600000000,9759.8200000000,8730.0000000000,8869.9900000000,81110.0375890000
2018-04-26,8869.9900000000,9307.4800000000,8651.6200000000,9266.0000000000,43300.3042449999
2018-04-27,9267.0300000000,9395.0000000000,8889.0000000000,8915.3500000000,37241.3470360000
2018-04-28,8915.3500000000,9427.4800000000,8870.0000000000,9348.0000000000,34759.6284200000
2018-04-29,9348.0000000000,9570.5100000000,9163.7400000000,9419.0000000000,38149.8500350000
2018-04-30,9417.0400000000,9458.6400000000,9124.9900000000,9246.0100000000,35002.0338750000
2018-05-01,9246.0100000000,9248.9900000000,8800.4900000000,9071.4800000000,41018.4636329999
2018-05-02,9071.4800000000,9268.0000000000,8970.2000000000,9247.8400000000,26123.5439610000
2018-05-03,9247.8100000000,9844.0000000000,9168.4000000000,9750.0000000000,38768.3882880001
2018-05-04,9750.0000000000,9830.0400000000,9520.8500000000,9713.9900000000,28681.5888790000
2018-05-05,9714.0000000000,10020.0000000000,9682.0000000000,9864.0000000000,24990.0183450000
2018-05-06,9863.9900000000,9970.0000000000,9417.0300000000,9659.0100000000,27690.3515590000
2018-05-07,9661.0200000000,9689.6700000000,9181.0000000000,9365.0000000000,33787.6400120000
2018-05-08,9365.0000000000,9475.7000000000,9060.5400000000,9187.5600000000,25533.8318890000
2018-05-09,9178.0000000000,9390.0000000000,8965.0000000000,9310.0000000000,25673.5248990000
2018-05-10,9310.0000000000,9395.1200000000,8970.0000000000,9002.2000000000,25055.0637180000
2018-05-11,9002.2100000000,9016.8000000000,8341.0000000000,8400.0000000000,48227.0480610000
2018-05-12,8405.9400000000,8646.8800000000,8153.0000000000,8465.9400000000,40241.3208100000
2018-05-13,8475.4400000000,8763.3600000000,8298.0000000000,8679.7100000000,25632.8693620000
2018-05-14,8679.7100000000,8879.9900000000,8277.0000000000,8663.3400000000,37389.6665330001
2018-05-15,8663.3700000000,8859.9900000000,8401.3000000000,8462.0000000000,28126.9561360000
2018-05-16,8462.0000000000,8488.0000000000,8083.0100000000,8330.0000000000,31130.2249799999
2018-05-17,8330.0000000000,8464.0000000000,7979.0000000000,8041.4600000000,25439.8447990000
2018-05-18,8038.8200000000,8273.2100000000,7911.9000000000,8239.8100000000,23476.1582510000
2018-05-19,8238.0100000000,8390.8000000000,8095.7300000000,8233.4900000000,17193.4242760000
2018-05-20,8233.4900000000,8609.0000000000,8163.9000000000,8526.9800000000,19957.0571090000
2018-05-21,8526.9700000000,8595.3100000000,8305.0000000000,8381.2400000000,21516.5964860000
2018-05-22,8386.8900000000,8400.1800000000,7935.1100000000,7977.1100000000,23710.9028580000
2018-05-23,7977.1200000000,8031.9000000000,7425.0000000000,7501.9500000000,42908.6926730000
2018-05-24,7501.9500000000,7730.7300000000,7266.9900000000,7575.0100000000,37845.4465950001
2018-05-25,7578.9900000000,7649.5500000000,7308.1500000000,7457.0000000000,26739.9566400000
2018-05-26,7456.9900000000,7620.0000000000,7300.0000000000,7333.9600000000,19464.0860710000
2018-05-27,7334.0000000000,7400.0000000000,7231.1100000000,7338.9900000000,18706.9455150000
2018-05-28,7338.9900000000,7437.0000000000,7058.0200000000,7099.0000000000,27219.4389630000
2018-05-29,7099.0000000000,7540.0000000000,7032.9500000000,7461.2900000000,39406.8395200000
2018-05-30,7467.9800000000,7569.0000000000,7260.5000000000,7375.9600000000,32041.5836230000
2018-05-31,7382.0700000000,7699.0000000000,7327.5100000000,7485.0100000000,61503.4046290001
2018-06-01,7485.0100000000,7608.5500000000,7355.5400000000,7521.0100000000,28328.4404270000
2018-06-02,7521.0100000000,7697.3300000000,7437.0000000000,7640.0300000000,26720.6902190000
2018-06-03,7636.8100000000,7786.6900000000,7600.0000000000,7714.2600000000,27505.1589510000
2018-06-04,7714.2600000000,7760.5200000000,7446.5000000000,7487.0000000000,32258.8351150000
2018-06-05,7487.0000000000,7679.4900000000,7358.0000000000,7625.0000000000,31722.4929780000
2018-06-06,7626.6400000000,7699.0000000000,7467.0500000000,7658.8400000000,27229.9918980000
2018-06-07,7658.7900000000,7765.0000000000,7620.0000000000,7691.0800000000,25063.5918860000
2018-06-08,7691.0800000000,7703.5000000000,7531.0000000000,7603.4400000000,23396.8046710000
2018-06-09,7603.4400000000,7683.9800000000,7450.0000000000,7491.7300000000,19339.8851760000
2018-06-10,7491.7300000000,7491.7300000000,6622.8100000000,6764.9900000000,52342.0200320000
2018-06-11,6765.0000000000,6922.0000000000,6610.0000000000,6872.0000000000,34552.1623030000
2018-06-12,6872.0000000000,6890.5100000000,6435.0000000000,6530.0000000000,36722.2111910000
2018-06-13,6530.0000000000,6627.6000000000,6118.6800000000,6292.7800000000,46185.5180999999
2018-06-14,6292.7800000000,6720.0000000000,6260.0000000000,6635.9800000000,44478.1308370000
2018-06-15,6638.6700000000,6666.6600000000,6362.3100000000,6388.9000000000,30018.3299050001
2018-06-16,6380.0100000000,6560.0000000000,6320.8600000000,6483.9800000000,22277.2411470000
2018-06-17,6482.5000000000,6589.0300000000,6422.0000000000,6449.6100000000,19847.2476880000
2018-06-18,6444.0600000000,6794.3800000000,6380.0000000000,6712.4600000000,31821.4349950000
2018-06-19,6711.3900000000,6841.7400000000,6653.0000000000,6741.2100000000,24311.4211430000
2018-06-20,6740.0000000000,6817.2300000000,6551.8100000000,6761.5100000000,26353.2720940000
2018-06-21,6763.2100000000,6795.0000000000,6672.5700000000,6718.8400000000,25428.8540480000
2018-06-22,6717.6900000000,6733.9700000000,5918.9400000000,6045.0000000000,52157.3708329999
2018-06-23,6045.9200000000,6260.0000000000,6008.4800000000,6149.9800000000,26622.7885890000
2018-06-24,6149.9800000000,6259.8000000000,5750.0000000000,6136.9700000000,47445.9989550001
2018-06-25,6137.9500000000,6350.0000000000,6061.9700000000,6252.0000000000,39164.5153059999
2018-06-26,6252.0000000000,6272.5400000000,6035.0000000000,6070.7800000000,19377.2404840000
2018-06-27,6065.8900000000,6190.4300000000,5971.0000000000,6133.7300000000,19225.6710980000
2018-06-28,6134.7300000000,6173.0100000000,5827.0000000000,5853.9800000000,30585.2660260000
2018-06-29,5851.0100000000,6300.0000000000,5780.0000000000,6197.9200000000,33911.2872780000
2018-06-30,6197.9200000000,6528.9900000000,6186.0300000000,6390.0700000000,37919.6128400000
2018-07-01,6391.0800000000,6441.0600000000,6251.0000000000,6356.8100000000,27562.9659740000
2018-07-02,6360.8200000000,6685.0000000000,6271.6200000000,6615.2900000000,36230.4522640000
2018-07-03,6615.2900000000,6679.3500000000,6463.0100000000,6513.8600000000,38657.7816910000
2018-07-04,6511.0100000000,6784.9200000000,6441.1100000000,6586.9800000000,23571.8927770000
2018-07-05,6585.5300000000,6712.0000000000,6453.3300000000,6529.2000000000,35071.9728979999
2018-07-06,6529.2000000000,6648.5400000000,6425.0000000000,6609.7800000000,29397.0947480000
2018-07-07,6609.7900000000,6818.1600000000,6508.8800000000,6756.9800000000,23973.8768860000
2018-07-08,6753.4800000000,6780.0000000000,6667.4400000000,6712.1000000000,24622.9477940000
2018-07-09,6712.1000000000,6802.0600000000,6612.2400000000,6662.1200000000,26732.4065500000
2018-07-10,6662.7800000000,6681.0000000000,6263.0000000000,6296.9100000000,38560.6727020000
2018-07-11,6296.9100000000,6406.0000000000,6278.9900000000,6378.0700000000,28715.4984870000
2018-07-12,6378.0700000000,6380.2800000000,6070.0000000000,6250.5700000000,31306.6633480000
2018-07-13,6251.4000000000,6350.0000000000,6110.0000000000,6214.5700000000,26375.3252860000
2018-07-14,6214.5700000000,6335.0000000000,6178.0000000000,6251.9900000000,17783.0719990000
2018-07-15,6250.9000000000,6395.0000000000,6225.4000000000,6353.0100000000,22979.2115080000
2018-07-16,6354.1500000000,6747.3000000000,6330.4000000000,6723.3500000000,36204.8770800000
2018-07-17,6723.3300000000,7468.9900000000,6652.0400000000,7317.4400000000,52105.4234590000
2018-07-18,7317.4400000000,7588.0800000000,7225.3800000000,7381.9000000000,59487.6434500000
2018-07-19,7381.8800000000,7576.2800000000,7270.0000000000,7466.2100000000,41218.2564370000
2018-07-20,7468.8600000000,7700.0000000000,7273.0000000000,7337.5300000000,46140.3134469999
2018-07-21,7337.4700000000,7458.4700000000,7211.0000000000,7398.7800000000,28886.4902910000
2018-07-22,7399.2500000000,7582.4000000000,7335.5000000000,7394.7900000000,30270.2184400000
2018-07-23,7394.7800000000,7833.0000000000,7375.0000000000,7721.0100000000,41646.3466710000
2018-07-24,7721.6500000000,8486.0000000000,7696.0000000000,8397.2400000000,60121.1637490000
2018-07-25,8397.2400000000,8491.7700000000,8050.0000000000,8175.6400000000,48257.6491240000
2018-07-26,8175.6300000000,8315.6900000000,7850.0600000000,7920.0000000000,43223.4816820000
2018-07-27,7920.0000000000,8285.0000000000,7805.0000000000,8188.5700000000,43671.0058910000
2018-07-28,8188.5700000000,8246.5400000000,8067.0000000000,8225.0400000000,26215.1738390000
2018-07-29,8225.0400000000,8294.5100000000,8115.0000000000,8211.0000000000,25531.2261850000
2018-07-30,8210.9900000000,8273.0000000000,7866.0000000000,8173.9200000000,39692.4165420000
2018-07-31,8171.4000000000,8180.0000000000,7633.0000000000,7730.9300000000,48296.9155870000
2018-08-01,7735.6700000000,7750.0000000000,7430.0000000000,7604.5800000000,42582.3129320000
2018-08-02,7600.0800000000,7709.4600000000,7455.7200000000,7525.7100000000,37665.6966840000
2018-08-03,7525.7100000000,7540.0000000000,7282.4400000000,7418.7800000000,44669.4860470000
2018-08-04,7412.2700000000,7494.8100000000,6926.0000000000,7009.8400000000,36288.4260100000
2018-08-05,7009.8400000000,7089.8700000000,6882.2900000000,7024.1900000000,32894.8497820000
2018-08-06,7024.1900000000,7160.0000000000,6821.0000000000,6934.8200000000,32760.1916430000
2018-08-07,6935.0000000000,7150.4600000000,6670.0000000000,6720.0600000000,45438.4735010000
2018-08-08,6720.6300000000,6721.5400000000,6123.0000000000,6285.0000000000,59550.5363190000
2018-08-09,6283.2700000000,6622.8100000000,6178.6000000000,6529.7900000000,51941.1851110000
2018-08-10,6529.7900000000,6575.8800000000,6026.3900000000,6144.0100000000,59034.9749019999
2018-08-11,6148.1300000000,6488.0000000000,5971.0000000000,6232.3500000000,47133.4185550000
2018-08-12,6222.5500000000,6472.3000000000,6130.0000000000,6308.3300000000,38567.7707120000
2018-08-13,6308.5600000000,6545.0000000000,6145.0400000000,6246.3500000000,53895.8287830000
2018-08-14,6248.2500000000,6250.3300000000,5880.0000000000,6188.0800000000,50186.7450910000
2018-08-15,6188.0800000000,6609.0000000000,6172.1100000000,6267.1600000000,68806.6870260000
2018-08-16,6265.2700000000,6480.0000000000,6205.6000000000,6311.7500000000,48515.2546179999
2018-08-17,6316.0000000000,6585.0000000000,6285.4000000000,6584.4900000000,57851.6108030000
2018-08-18,6579.0400000000,6620.0000000000,6288.0000000000,6387.9600000000,53742.3221720000
2018-08-19,6387.9600000000,6541.0000000000,6300.0000000000,6477.5300000000,45190.8479940001
2018-08-20,6477.5300000000,6530.0000000000,6220.0000000000,6254.8400000000,49435.5552599999
2018-08-21,6251.0000000000,6500.0000000000,6235.0800000000,6480.0000000000,41569.9474080001
2018-08-22,6479.9800000000,6882.5400000000,6251.2000000000,6360.8900000000,77909.3913590000
2018-08-23,6362.5700000000,6576.9900000000,6342.2800000000,6525.0100000000,40358.1668250001
2018-08-24,6525.0000000000,6725.0000000000,6440.5000000000,6681.6400000000,38305.6753220000
2018-08-25,6686.9800000000,6789.0000000000,6650.6100000000,6733.6400000000,19220.5059290000
2018-08-26,6733.6400000000,6775.2700000000,6568.0000000000,6700.0000000000,20107.2972080000
2018-08-27,6700.0000000000,6940.5100000000,6646.5000000000,6908.6400000000,37747.0787470000
2018-08-28,6907.2600000000,7135.0000000000,6860.0000000000,7076.1100000000,48352.9171630000
2018-08-29,7077.0000000000,7133.8100000000,6912.3400000000,7031.2200000000,43252.4873919999
2018-08-30,7033.2100000000,7063.6300000000,6784.8100000000,6984.8400000000,44716.7746200000
2018-08-31,6984.8400000000,7089.0000000000,6888.0000000000,7011.2100000000,40467.4006379999
2018-09-01,7011.2100000000,7275.0000000000,7008.7400000000,7200.0100000000,40323.4140930000
2018-09-02,7201.5700000000,7345.4500000000,7127.0000000000,7302.0100000000,39814.8403519999
2018-09-03,7302.0000000000,7338.2800000000,7191.6300000000,7263.0200000000,32396.0183710000
2018-09-04,7263.0000000000,7410.0000000000,7227.1700000000,7359.0600000000,35300.6405180000
2018-09-05,7359.0500000000,7397.3000000000,6682.0000000000,6700.0000000000,63635.6156299999
2018-09-06,6697.2700000000,6725.0000000000,6265.0000000000,6516.0100000000,60644.4642270001
2018-09-07,6516.8400000000,6544.0000000000,6320.0000000000,6395.5400000000,38906.2880500000
2018-09-08,6395.5400000000,6478.0000000000,6111.0000000000,6185.0500000000,38215.0321710000
2018-09-09,6185.0600000000,6441.0000000000,6141.5300000000,6250.8100000000,37053.9238200000
2018-09-10,6252.2600000000,6373.9800000000,6221.0000000000,6312.0000000000,32439.4564320000
2018-09-11,6311.9900000000,6404.0000000000,6169.6800000000,6294.9100000000,33104.8885899999
2018-09-12,6293.0000000000,6360.0000000000,6192.3700000000,6338.6200000000,31433.6459390000
2018-09-13,6338.6200000000,6535.0000000000,6337.4000000000,6487.3800000000,40465.0631070000
2018-09-14,6487.3900000000,6584.9900000000,6385.6200000000,6476.6300000000,37173.3392770000
2018-09-15,6476.6300000000,6565.4500000000,6466.1300000000,6514.9600000000,25243.6566120000
2018-09-16,6514.9600000000,6524.6200000000,6370.0000000000,6505.0000000000,27568.1328970000
2018-09-17,6500.0800000000,6533.8400000000,6201.0000000000,6248.6900000000,35987.2547380000
2018-09-18,6248.6900000000,6390.0000000000,6224.9800000000,6336.4500000000,32620.8666700000
2018-09-19,6336.3900000000,6517.7000000000,6123.0000000000,6391.8900000000,39044.0800820000
2018-09-20,6392.0000000000,6540.0000000000,6325.0000000000,6492.0000000000,25189.0247280000
2018-09-21,6492.0000000000,6784.8600000000,6491.0000000000,6759.0200000000,51779.3434630000
2018-09-22,6759.0100000000,6839.0300000000,6627.0000000000,6723.0500000000,29349.6906670000
2018-09-23,6723.0500000000,6788.2300000000,6661.7500000000,6708.0000000000,30286.2297730000
2018-09-24,6706.8100000000,6730.0000000000,6557.0000000000,6581.3900000000,35305.7399100000
2018-09-25,6581.4200000000,6584.0100000000,6325.0200000000,6447.5400000000,40301.0294520001
2018-09-26,6445.1100000000,6557.9900000000,6379.7000000000,6465.1200000000,33484.5420699999
2018-09-27,6468.1900000000,6750.0000000000,6434.0000000000,6689.1300000000,33047.9943860000
2018-09-28,6694.1300000000,6814.8000000000,6540.8800000000,6634.5800000000,42344.1103030000
2018-09-29,6627.0400000000,6636.0000000000,6464.5700000000,6596.3800000000,30227.7891760000
2018-09-30,6593.0700000000,6662.0000000000,6533.0000000000,6626.5700000000,27757.5093780000
2018-10-01,6624.7100000000,6667.0900000000,6510.0000000000,6611.6100000000,20608.5609250000
2018-10-02,6608.6100000000,6640.0000000000,6494.0000000000,6525.7900000000,28232.0048890000
2018-10-03,6519.2800000000,6549.0000000000,6430.0000000000,6510.0000000000,28395.2640410001
2018-10-04,6507.4300000000,6643.4600000000,6505.0900000000,6593.7900000000,20065.5148630000
2018-10-05,6596.2400000000,6697.0000000000,6543.0800000000,6635.6500000000,16088.9977870000
2018-10-06,6637.8900000000,6651.0000000000,6566.7700000000,6594.2700000000,10917.3584240000
2018-10-07,6598.5700000000,6640.0000000000,6525.0000000000,6615.2600000000,17395.6249260000
2018-10-08,6617.0400000000,6715.6000000000,6587.0000000000,6673.0100000000,23105.8790930000
2018-10-09,6674.5000000000,6685.3800000000,6607.0000000000,6656.6100000000,15348.9192890000
2018-10-10,6655.2900000000,6659.9500000000,6530.0000000000,6631.0000000000,15373.4327560000
2018-10-11,6629.0000000000,6633.9200000000,6205.0000000000,6252.6800000000,48694.8855270000
2018-10-12,6250.6400000000,6360.0000000000,6209.0000000000,6298.0100000000,28942.3552740000
2018-10-13,6285.3600000000,6345.0000000000,6285.3100000000,6332.9300000000,19066.2603740000
2018-10-14,6332.0300000000,6416.0000000000,6308.0000000000,6339.3400000000,15624.9144890000
2018-10-15,6329.9900000000,7680.0000000000,6300.0000000000,6752.5000000000,90732.7261629999
2018-10-16,6743.4400000000,6900.0000000000,6670.0000000000,6759.2700000000,27539.3045960000
2018-10-17,6759.9200000000,6811.1200000000,6676.0100000000,6740.8900000000,26633.3433530000
2018-10-18,6737.7700000000,6796.0000000000,6567.0000000000,6618.9600000000,20114.4166430000
2018-10-19,6619.2800000000,6648.1400000000,6523.0000000000,6528.8800000000,20764.2172550000
2018-10-20,6524.0500000000,6617.6500000000,6505.5500000000,6588.4000000000,19214.2183450000
2018-10-21,6585.6400000000,6663.9000000000,6580.0000000000,6590.1100000000,6509.6691550000
2018-10-22,6584.8800000000,6639.0000000000,6535.2700000000,6581.2000000000,16204.0932790000
2018-10-23,6576.9900000000,6595.0000000000,6515.4500000000,6553.5100000000,13849.1270920000
2018-10-24,6552.0000000000,6630.0000000000,6547.5300000000,6565.5000000000,11934.1373560000
2018-10-25,6562.6700000000,6575.0900000000,6502.8000000000,6528.0900000000,10309.4679660000
2018-10-26,6528.0500000000,6600.0000000000,6515.0100000000,6538.6300000000,9436.7797230000
2018-10-27,6539.9900000000,6558.3500000000,6463.0400000000,6505.6000000000,7770.0679660000
2018-10-28,6504.5700000000,6514.1700000000,6453.0000000000,6489.9300000000,5739.5510490000
2018-10-29,6490.6200000000,6505.0100000000,6315.0000000000,6344.5000000000,13821.9838490000
2018-10-30,6345.8900000000,6395.0000000000,6317.0100000000,6330.8700000000,8866.2180890000
2018-10-31,6330.5800000000,6428.0000000000,6245.0200000000,6371.9300000000,12145.1792970000
2018-11-01,6373.7500000000,6442.6500000000,6348.6600000000,6410.0000000000,9096.0777420000
2018-11-02,6411.0000000000,6460.3400000000,6388.2000000000,6433.9800000000,9732.8476260000
2018-11-03,6432.3500000000,6439.9700000000,6345.0000000000,6387.0900000000,7658.0469500000
2018-11-04,6389.0000000000,6525.0000000000,6359.0000000000,6485.8500000000,10590.4303380000
2018-11-05,6489.2000000000,6504.3900000000,6431.0200000000,6468.9900000000,8979.8638020000
2018-11-06,6469.4400000000,6531.3100000000,6445.1800000000,6519.1100000000,11924.7913600000
2018-11-07,6515.1100000000,6615.1500000000,6509.0000000000,6578.4600000000,14264.5557580000
2018-11-08,6579.2800000000,6594.0000000000,6468.2200000000,6479.8400000000,13252.2658430000
2018-11-09,6477.0100000000,6511.5300000000,6391.0100000000,6419.9900000000,11783.9855590000
2018-11-10,6417.3300000000,6475.5500000000,6411.0000000000,6433.0500000000,7712.6562430000
2018-11-11,6431.8300000000,6462.1400000000,6355.0000000000,6449.8100000000,8209.4233070000
2018-11-12,6470.0900000000,6497.0000000000,6421.0000000000,6453.0700000000,10093.9471720000
2018-11-13,6451.6900000000,6498.0000000000,6391.1500000000,6457.6600000000,11787.7169890000
2018-11-14,6460.6500000000,6482.8400000000,5656.8700000000,5922.4100000000,46473.7766720000
2018-11-15,5918.5700000000,5939.5400000000,5403.4200000000,5753.4000000000,47647.3038650000
2018-11-16,5735.4100000000,5782.8900000000,5549.2500000000,5655.9400000000,38692.0851170000
2018-11-17,5649.5200000000,5656.6000000000,5565.4300000000,5628.2900000000,26392.4085650000
2018-11-18,5637.6600000000,5738.1700000000,5617.0000000000,5662.0000000000,23792.2673610000
2018-11-19,5659.4200000000,5660.8700000000,4855.0000000000,4910.0300000000,70556.1680639999
2018-11-20,4926.6200000000,5048.2400000000,4326.0000000000,4558.8600000000,117305.8036409999
2018-11-21,4580.5100000000,4787.2000000000,4413.8500000000,4661.0700000000,60991.0539160001
2018-11-22,4665.1200000000,4721.7700000000,4335.0000000000,4370.0000000000,34508.9968560000
2018-11-23,4384.9400000000,4484.0000000000,4222.9400000000,4420.6100000000,49253.8766339999
2018-11-24,4420.3500000000,4527.0000000000,3824.6900000000,3932.4400000000,61666.4283820000
2018-11-25,3953.0000000000,4233.0000000000,3652.6600000000,4085.7800000000,101558.2691450001
2018-11-26,4094.9500000000,4206.0000000000,3701.0000000000,3862.2000000000,94454.7917879999
2018-11-27,3854.8500000000,3940.0000000000,3689.1200000000,3875.2100000000,67433.0329129999
2018-11-28,3889.8400000000,4394.4700000000,3880.0000000000,4264.8500000000,91953.5352669999
2018-11-29,4267.3300000000,4450.3800000000,4125.6500000000,4295.8400000000,73949.4384650000
2018-11-30,4314.3800000000,4341.3600000000,3943.0000000000,4041.3200000000,67500.2096530000
2018-12-01,4042.2800000000,4299.9900000000,3963.0100000000,4190.0200000000,44826.9998909999
2018-12-02,4189.0200000000,4312.9900000000,4103.0400000000,4161.0100000000,38891.2496230000
2018-12-03,4173.0300000000,4179.0000000000,3827.0000000000,3884.0100000000,49054.0650820000
2018-12-04,3883.4200000000,4085.0000000000,3781.0000000000,3951.6400000000,48470.1148060000
2018-12-05,3951.4600000000,3970.0000000000,3745.0000000000,3769.8400000000,43942.9546090000
2018-12-06,3767.5700000000,3899.9900000000,3500.0000000000,3508.7500000000,68340.7672670000
2018-12-07,3511.7600000000,3549.9900000000,3224.6000000000,3403.5500000000,95050.0745660000
2018-12-08,3407.1600000000,3495.0000000000,3222.0000000000,3410.9300000000,55343.5785660000
2018-12-09,3409.2300000000,3658.0000000000,3394.0400000000,3545.3700000000,45926.9290770000
2018-12-10,3551.0400000000,3610.0000000000,3370.1100000000,3432.8800000000,40974.4051610000
2018-12-11,3433.6200000000,3480.0000000000,3324.3200000000,3380.3900000000,35901.5017680000
2018-12-12,3369.9400000000,3492.0000000000,3350.0000000000,3445.0000000000,33661.6595870000
2018-12-13,3447.4600000000,3460.0000000000,3255.5000000000,3302.0600000000,40026.8355280000
2018-12-14,3300.0100000000,3335.3900000000,3177.0000000000,3224.1700000000,44478.5997260000
2018-12-15,3220.3700000000,3276.5000000000,3156.2600000000,3211.7200000000,29783.5089600000
2018-12-16,3214.1400000000,3294.0000000000,3186.0000000000,3228.6700000000,24617.1982590000
2018-12-17,3227.4800000000,3585.0000000000,3216.0000000000,3509.0800000000,66739.3217639999
2018-12-18,3512.0200000000,3678.5900000000,3424.4700000000,3652.9800000000,61325.6683100001
2018-12-19,3669.9300000000,3912.7300000000,3622.5500000000,3662.2200000000,93952.5237330000
2018-12-20,3658.4700000000,4120.0000000000,3635.0000000000,4049.6200000000,101486.3486220000
2018-12-21,4047.4100000000,4139.9900000000,3764.0000000000,3838.6600000000,82320.2181710000
2018-12-22,3846.0500000000,3979.0000000000,3785.0000000000,3948.9100000000,42780.5254459999
2018-12-23,3946.0300000000,4021.5300000000,3870.0000000000,3929.7100000000,40061.2993190000
2018-12-24,3931.1400000000,4198.0000000000,3930.1600000000,4008.0100000000,64633.9795769999
2018-12-25,4017.6800000000,4019.2600000000,3646.4100000000,3745.7900000000,62702.4474030000
2018-12-26,3739.0000000000,3837.1500000000,3656.7400000000,3777.7400000000,42607.1275430000
2018-12-27,3770.8700000000,3813.9800000000,3535.0000000000,3567.9100000000,44081.7517209999
2018-12-28,3569.4900000000,3887.2500000000,3540.0400000000,3839.2600000000,45945.1164280000
2018-12-29,3845.0700000000,3892.0000000000,3670.0000000000,3695.3200000000,38817.7285070000
2018-12-30,3710.9300000000,3903.5000000000,3657.9000000000,3801.9100000000,33080.8820760000
2018-12-31,3804.2300000000,3805.3900000000,3630.3300000000,3702.9000000000,29956.7903420000
2019-01-01,3702.4400000000,3810.1600000000,3642.0000000000,3797.1400000000,23724.5869230000
2019-01-02,3802.0000000000,3882.1400000000,3750.4500000000,3858.5600000000,34888.0510360000
2019-01-03,3856.1400000000,3862.7400000000,3730.0000000000,3766.7800000000,29385.7075310000
2019-01-04,3763.7000000000,3823.6400000000,3703.5700000000,3792.0100000000,29507.0598210000
2019-01-05,3790.8500000000,3840.9900000000,3751.0000000000,3770.9600000000,30474.6842260000
2019-01-06,3770.8200000000,4027.7100000000,3740.0000000000,3987.6000000000,36540.3778800000
2019-01-07,3990.6700000000,4017.9000000000,3921.5300000000,3975.4500000000,31836.3660250000
2019-01-08,3975.7000000000,4069.8000000000,3903.0000000000,3955.1300000000,38890.7186000000
2019-01-09,3957.1800000000,4006.8100000000,3930.0400000000,3966.6500000000,28977.6689750000
2019-01-10,3964.4700000000,3996.0100000000,3540.0000000000,3585.8800000000,59388.8489289999
2019-01-11,3586.3000000000,3658.0000000000,3465.0000000000,3601.3100000000,38314.5261130001
2019-01-12,3592.3500000000,3618.1900000000,3530.0000000000,3583.1300000000,21965.6712160000
2019-01-13,3580.8100000000,3611.1000000000,3441.3000000000,3476.8100000000,26352.2320630000
2019-01-14,3478.2100000000,3671.8700000000,3467.0200000000,3626.0900000000,35224.8396260000
2019-01-15,3625.7400000000,3648.4200000000,3516.6200000000,3553.0600000000,34122.1186590000
2019-01-16,3549.2700000000,3645.0000000000,3543.5100000000,3591.8400000000,27456.8807810000
2019-01-17,3596.1800000000,3634.7000000000,3530.3900000000,3616.2100000000,29736.4325570000
2019-01-18,3616.5200000000,3620.0000000000,3565.7500000000,3594.8700000000,22698.6251130000
2019-01-19,3603.6400000000,3720.0000000000,3594.2300000000,3665.3000000000,22132.1189200000
2019-01-20,3661.0100000000,3693.7300000000,3475.0000000000,3539.2800000000,27838.5110160000
2019-01-21,3543.5900000000,3559.5100000000,3475.5000000000,3526.9000000000,19597.5780050000
2019-01-22,3525.9800000000,3608.5000000000,3434.8500000000,3570.9300000000,29321.2242270000
2019-01-23,3567.7000000000,3607.9800000000,3514.5000000000,3552.8200000000,24908.5214330000
2019-01-24,3552.2600000000,3589.0000000000,3529.2200000000,3569.6200000000,20817.4228830000
2019-01-25,3570.6600000000,3587.1500000000,3522.5100000000,3565.2900000000,17591.0431840000
2019-01-26,3567.4800000000,3662.9400000000,3545.0000000000,3565.2500000000,19470.6163200000
2019-01-27,3563.7500000000,3579.0000000000,3486.0000000000,3550.8400000000,22729.5168740000
2019-01-28,3549.6500000000,3557.7500000000,3380.2700000000,3434.1500000000,40397.3601060002
2019-01-29,3435.7900000000,3443.4500000000,3349.9200000000,3411.0400000000,29532.0417550000
2019-01-30,3409.2000000000,3478.0000000000,3387.1000000000,3458.1800000000,23956.7958620001
2019-01-31,3459.2100000000,3489.2000000000,3418.8000000000,3434.1000000000,29568.3796250000
2019-02-01,3434.0000000000,3488.0000000000,3401.2000000000,3462.0700000000,25221.7398120000
2019-02-02,3465.1000000000,3526.4000000000,3440.2900000000,3504.7700000000,17900.0622980000
2019-02-03,3509.5000000000,3511.0900000000,3426.0000000000,3458.1100000000,19832.2797520000
2019-02-04,3457.2200000000,3484.8800000000,3433.3100000000,3463.2200000000,23112.6025740000
2019-02-05,3458.5400000000,3478.9700000000,3448.4300000000,3471.5900000000,25234.5679970000
2019-02-06,3479.4500000000,3482.7200000000,3380.0000000000,3405.3700000000,35202.8890499999
2019-02-07,3405.5000000000,3426.4500000000,3390.0000000000,3398.4000000000,18643.0392020000
2019-02-08,3397.1400000000,3733.5800000000,3373.1000000000,3659.0400000000,47963.0875990001
2019-02-09,3658.6200000000,3680.0200000000,3625.1300000000,3665.1800000000,24711.6911310000
2019-02-10,3666.4400000000,3684.9900000000,3609.7600000000,3680.0600000000,23240.9835420000
2019-02-11,3681.0800000000,3684.9000000000,3615.5300000000,3631.0500000000,24875.0137210000
2019-02-12,3631.9700000000,3667.6000000000,3582.3400000000,3631.4600000000,29460.7383460000
2019-02-13,3630.9400000000,3670.0000000000,3591.7500000000,3609.4000000000,25763.9681729999
2019-02-14,3609.5000000000,3626.4000000000,3568.1100000000,3590.5600000000,21736.0733000000
2019-02-15,3587.8200000000,3653.2300000000,3573.4500000000,3602.4700000000,20761.9099780000
2019-02-16,3602.7200000000,3648.2000000000,3597.9100000000,3618.4100000000,19550.6901870000
2019-02-17,3616.2500000000,3700.1100000000,3604.4000000000,3667.5800000000,25657.1316960000
2019-02-18,3667.2200000000,3925.0000000000,3655.0000000000,3898.6000000000,64018.4821070000
2019-02-19,3899.9800000000,3994.5200000000,3856.0000000000,3907.7900000000,50179.1378750001
2019-02-20,3909.1800000000,3986.9800000000,3870.6600000000,3969.7400000000,36164.2341970000
2019-02-21,3973.6600000000,4016.4800000000,3901.0300000000,3937.3100000000,31044.5833570000
2019-02-22,3936.5400000000,3988.0000000000,3926.6500000000,3962.0000000000,23925.5363710000
2019-02-23,3959.9500000000,4162.0200000000,3933.1500000000,4117.7600000000,33644.3828140000
2019-02-24,4117.9500000000,4198.0000000000,3712.6600000000,3743.5600000000,62205.9815700001
2019-02-25,3745.2800000000,3872.6600000000,3742.7300000000,3827.9200000000,38051.0723830000
2019-02-26,3829.2600000000,3841.5100000000,3777.0000000000,3809.2300000000,28820.6677640000
2019-02-27,3809.3000000000,3838.8500000000,3677.1700000000,3818.0700000000,31484.9447760000
2019-02-28,3817.9500000000,3888.0000000000,3763.8700000000,3813.6900000000,32520.8733530000
2019-03-01,3814.3300000000,3857.0000000000,3813.0100000000,3823.0000000000,23165.2624040000
2019-03-02,3818.7100000000,3841.3100000000,3772.2500000000,3819.9300000000,19420.2496000000
2019-03-03,3822.5300000000,3835.0000000000,3781.3200000000,3807.7500000000,16707.4498300000
2019-03-04,3808.4800000000,3830.0000000000,3670.6900000000,3715.3000000000,34725.0756910000
2019-03-05,3716.6400000000,3877.1000000000,3703.5500000000,3857.7300000000,32955.3296250000
2019-03-06,3858.3300000000,3907.0000000000,3813.0900000000,3861.8400000000,24761.2938150000
2019-03-07,3863.4600000000,3905.4000000000,3840.4000000000,3873.6400000000,26446.9364820000
2019-03-08,3874.3600000000,3932.0000000000,3800.0000000000,3864.8900000000,34725.2519150000
2019-03-09,3862.2500000000,3971.7500000000,3854.7500000000,3943.0400000000,30953.8753970000
2019-03-10,3938.5900000000,3940.0000000000,3881.6900000000,3916.8200000000,23164.9864970000
2019-03-11,3919.3100000000,3936.9800000000,3830.0000000000,3871.6100000000,38049.5664520000
2019-03-12,3871.4500000000,3905.2000000000,3826.0600000000,3882.7300000000,26898.0760810000
2019-03-13,3885.2300000000,3893.5600000000,3840.0000000000,3866.0000000000,24444.1912950000
2019-03-14,3864.1200000000,3920.0000000000,3810.4300000000,3877.1200000000,27026.8320500000
2019-03-15,3880.0800000000,3939.2200000000,3872.2000000000,3923.7600000000,21728.0838870000
2019-03-16,3924.5500000000,4056.9800000000,3921.9800000000,4005.9800000000,28561.0805730000
2019-03-17,4007.1300000000,4012.0000000000,3950.0100000000,3981.1400000000,18802.2438940000
2019-03-18,3980.9700000000,4037.0000000000,3953.3300000000,3987.8100000000,22442.0559170000
2019-03-19,3989.0200000000,4031.0000000000,3970.0000000000,4015.5300000000,19882.2139240000
2019-03-20,4017.4800000000,4050.0000000000,3980.5000000000,4043.0400000000,23432.3002550000
2019-03-21,4043.0400000000,4069.3200000000,3880.0100000000,3980.6400000000,35997.6821190000
2019-03-22,3980.8500000000,4008.0000000000,3968.2500000000,3986.9300000000,20022.6063180000
2019-03-23,3987.8900000000,4018.8300000000,3978.0100000000,4006.0100000000,17302.6043180000
2019-03-24,4006.0100000000,4006.0200000000,3950.0000000000,3992.1800000000,17179.8506480000
2019-03-25,3991.3500000000,3999.3000000000,3888.7100000000,3936.1200000000,33192.8902170000
2019-03-26,3935.4700000000,3958.9800000000,3894.0000000000,3948.5500000000,29349.5376270000
2019-03-27,3948.7700000000,4048.0000000000,3936.1500000000,4038.0500000000,32364.5558520000
2019-03-28,4039.5800000000,4039.7000000000,4002.0000000000,4027.8100000000,20089.2938750000
2019-03-29,4028.2200000000,4123.7100000000,4024.0300000000,4103.2500000000,30084.2174440000
2019-03-30,4104.2400000000,4140.0000000000,4052.0000000000,4106.9700000000,19509.2926010000
2019-03-31,4106.9900000000,4116.1200000000,4082.5700000000,4103.9500000000,13525.0874330000
2019-04-01,4102.4400000000,4158.7000000000,4067.0000000000,4144.5600000000,25507.0676410000
2019-04-02,4144.5400000000,4897.9900000000,4140.5400000000,4857.2900000000,105383.6392630000
2019-04-03,4857.1900000000,5275.0100000000,4753.5000000000,4932.6000000000,109890.1257429998
2019-04-04,4932.5900000000,5039.0800000000,4777.0000000000,4898.6600000000,61054.2541680000
2019-04-05,4898.6400000000,5028.2200000000,4880.6200000000,5004.9500000000,39768.5528060000
2019-04-06,5004.9600000000,5205.0000000000,4928.5900000000,5043.8900000000,41770.8423130000
2019-04-07,5042.0700000000,5234.0000000000,5026.0000000000,5170.2700000000,37615.4868040000
2019-04-08,5170.2700000000,5305.0000000000,5039.0000000000,5236.9000000000,50178.4307819999
2019-04-09,5238.3800000000,5238.4000000000,5076.6800000000,5150.0000000000,34067.0123110000
2019-04-10,5150.0000000000,5422.0000000000,5135.0000000000,5308.2500000000,40073.6204710000
2019-04-11,5307.8600000000,5332.6700000000,4927.0000000000,5017.3700000000,54696.6006860000
2019-04-12,5017.3700000000,5080.5800000000,4861.2200000000,5048.0100000000,33276.6786140000
2019-04-13,5047.0000000000,5099.0000000000,5004.0000000000,5045.2200000000,17292.4568020000
2019-04-14,5047.4500000000,5152.9900000000,5000.0000000000,5131.3000000000,18281.6077390000
2019-04-15,5131.2800000000,5167.3800000000,4950.0000000000,5024.9500000000,29057.1915810000
2019-04-16,5024.9500000000,5197.7200000000,5003.9400000000,5173.7200000000,24242.2294930000
2019-04-17,5173.7200000000,5230.4000000000,5146.8000000000,5202.8200000000,23307.5361340000
2019-04-18,5202.4100000000,5287.0000000000,5198.8000000000,5258.4400000000,22619.2390010000
2019-04-19,5258.4400000000,5320.0000000000,5175.0000000000,5258.6800000000,24611.2363230000
2019-04-20,5258.6800000000,5333.4200000000,5230.1000000000,5291.7300000000,19168.9082740000
2019-04-21,5292.9100000000,5314.3500000000,5165.0000000000,5256.1400000000,25549.5709390000
2019-04-22,5257.4100000000,5400.0000000000,5208.3500000000,5357.1400000000,29563.8523090000
2019-04-23,5358.8800000000,5600.0000000000,5332.4100000000,5493.3100000000,41251.2826730000
2019-04-24,5490.9100000000,5582.2000000000,5333.3500000000,5415.0000000000,48224.1524130000
2019-04-25,5415.0000000000,5491.8400000000,5102.0000000000,5219.9000000000,49636.0899479999
2019-04-26,5220.4700000000,5510.0000000000,5161.6200000000,5295.0500000000,49656.3918590000
2019-04-27,5294.0200000000,5342.5000000000,5257.6700000000,5295.6900000000,16145.6537340000
2019-04-28,5295.6900000000,5340.0000000000,5259.4800000000,5307.5200000000,14371.4338690000
2019-04-29,5309.8100000000,5332.0000000000,5178.8000000000,5238.1400000000,19918.1350790000
2019-04-30,5238.1400000000,5339.9800000000,5192.1500000000,5320.8100000000,22238.0682300000
2019-05-01,5321.9400000000,5402.0000000000,5316.2000000000,5383.2000000000,17217.4732160000
2019-05-02,5383.2000000000,5538.0000000000,5370.0000000000,5492.8700000000,22795.7878350000
2019-05-03,5494.8100000000,5844.0000000000,5477.5700000000,5772.6900000000,46297.1728490000
2019-05-04,5770.6200000000,5900.0000000000,5587.4500000000,5829.4500000000,39682.4089910000
2019-05-05,5829.8300000000,5839.9000000000,5696.0000000000,5775.6200000000,23822.5437750001
2019-05-06,5773.1800000000,5805.0000000000,5619.1400000000,5747.7900000000,25256.5963250000
2019-05-07,5749.9200000000,6028.4100000000,5747.7400000000,5846.3400000000,39905.0644220000
2019-05-08,5846.3400000000,6014.7200000000,5772.2000000000,5987.2900000000,23074.0515200000
2019-05-09,5986.6600000000,6224.5500000000,5983.7100000000,6209.1800000000,27453.0114360000
2019-05-10,6209.9500000000,6468.9200000000,6172.0000000000,6373.3300000000,36623.6107900000
2019-05-11,6375.1600000000,7343.9900000000,6372.8500000000,7076.2200000000,74022.4243930000
2019-05-12,7076.2400000000,7521.7800000000,6750.0000000000,6967.3100000000,86948.9753390001
2019-05-13,6968.2400000000,8100.0000000000,6870.0000000000,7790.7100000000,85804.7353329999
2019-05-14,7795.6200000000,8366.0000000000,7599.5600000000,7947.5600000000,76583.7226030002
2019-05-15,7945.2600000000,8249.0000000000,7850.0000000000,8169.8700000000,37884.3272110000
2019-05-16,8169.0800000000,8320.0000000000,7705.0000000000,7866.5900000000,69630.5139960001
2019-05-17,7868.6700000000,7925.0000000000,6913.0000000000,7355.2600000000,88752.0081590000
2019-05-18,7355.2800000000,7458.0000000000,7156.6100000000,7257.4500000000,37054.9447790000
2019-05-19,7257.3200000000,8275.0900000000,7243.0800000000,8148.4800000000,65577.4420580000
2019-05-20,8147.9400000000,8156.0300000000,7553.0000000000,7938.1500000000,65859.2085639999
2019-05-21,7937.1600000000,8042.3200000000,7771.0000000000,7904.8700000000,52301.7522470001
2019-05-22,7904.4800000000,8016.0000000000,7465.0000000000,7628.4300000000,49136.9945890000
2019-05-23,7627.8000000000,7685.6000000000,7461.0000000000,7602.0900000000,25610.0410370000
2019-05-24,7853.6300000000,7910.0000000000,7766.0000000000,7848.8700000000,9854.4702360000
2019-05-25,7955.1000000000,8091.8000000000,7908.3400000000,8025.4100000000,28371.6810080000
2019-05-26,8023.0000000000,8740.0000000000,7833.4200000000,8614.4300000000,49652.1445670001
2019-05-27,8612.5400000000,8908.3200000000,8589.0000000000,8756.3200000000,51886.7687930001
2019-05-28,8752.5200000000,8798.4900000000,8510.6300000000,8715.6400000000,31470.5515340000
2019-05-29,8716.8700000000,8716.8700000000,8406.6000000000,8611.8000000000,15516.5586160000
